id,prediction
0,-0.0580051740941645
1,-0.071499361428085
2,-0.05446226165270751
3,-0.054420043085501746
4,-0.06955954137342779
5,-0.02594667596957123
6,-0.042630545417256194
7,-0.014422930457595129
8,0.32720056666863684
9,1.427686998909226
10,2.1935426114155607
11,4.628201440169893
12,4.391847585765572
13,13.521468143230152
14,56.56653418707181
15,116.00848399714835
16,154.29523534392635
17,261.97144785516537
18,322.1252669804012
19,412.2585459765098
20,502.5907930326868
21,581.1135467304834
22,581.6308995327269
23,1037.3816249724102
24,1373.0456773680776
25,1488.34622347511
26,1791.3381865086956
27,1832.44261991411
28,2165.217985394723
29,2745.5315411711927
30,2944.8672564810745
31,2871.2733474664456
32,2822.012414450091
33,2902.3065099388045
34,2882.1100947335767
35,2924.496023322943
36,2900.2095622786433
37,2955.015804688602
38,3045.8211350373435
39,2992.20172898139
40,2854.5746807611167
41,2844.8354307301497
42,2747.1030624699306
43,2763.4962082652933
44,2736.4377336655516
45,2784.0590714004184
46,2637.827257874486
47,2515.71915054438
48,2486.4107711767324
49,2407.131088669533
50,1929.298878346978
51,2166.6696402194316
52,2126.1124688498144
53,2189.8168767406414
54,2052.6976364622647
55,2385.4843511436225
56,2426.9749432396284
57,2372.024441569501
58,2137.440879013549
59,1973.513898433068
60,2010.1690103303438
61,1759.8209996765827
62,1233.9034737361703
63,1119.6230941025053
64,1039.1315828256743
65,1046.811709280703
66,996.8611003689748
67,993.828065794657
68,589.3372457113444
69,666.9036203152158
70,498.7634311931708
71,534.8159791426189
72,423.717052394829
73,211.6198465390856
74,186.03577553252805
75,71.22792914220612
76,35.43873389221308
77,-0.4260742477745785
78,-6.119435937561374
79,-3.500144859681047
80,1.0420853517388853
81,0.32880858753980036
82,0.9834288881112618
83,0.5150126267541157
84,0.031487048806814855
85,0.04070966922838615
86,0.039719645953748106
87,0.024609986428917097
88,-0.014353805158895838
89,0.07986132587703754
90,0.09460303380571933
91,0.0945245066251319
92,0.07456800455352486
93,-0.11344645596205094
94,-0.11281736629758576
95,-0.11298935053833414
96,4.463832156202589
97,4.508401973220403
98,4.540923959946245
99,4.526615811972957
100,4.551572696158563
101,4.516357777106457
102,4.131630566104345
103,2.310115596781684
104,11.686819115662885
105,8.516898134379954
106,10.112624779860866
107,11.682333320417012
108,36.70646215645962
109,116.67482550895613
110,220.26980127660022
111,356.0680801942729
112,427.2946626211283
113,739.449092811335
114,798.7090668984005
115,856.3041342238124
116,877.3061924192091
117,1195.0385300570915
118,1611.119066328407
119,1833.1592241909798
120,1720.686667127371
121,1994.858618933819
122,1972.5175668594911
123,2120.3184944687778
124,2452.6999579082
125,2795.6572789409643
126,2953.9377927474766
127,3003.672818483509
128,3396.7146353587004
129,3821.959004051693
130,3988.1114703573976
131,3953.599447610633
132,3903.1295958393625
133,4009.9822480523803
134,4000.671049186141
135,4036.5382137335914
136,4094.013446217545
137,4105.520324693564
138,3915.2470191471957
139,3805.7923552062684
140,3960.0994400542895
141,3925.5852394904996
142,4144.63621867868
143,4071.579719407538
144,3912.052303929405
145,3535.2006422497716
146,3355.2736820330256
147,3390.6428171863804
148,3353.740971451563
149,3356.395261196329
150,3308.649414313251
151,3303.3589845527436
152,3213.3197513847017
153,3135.1142618508816
154,3223.877928684454
155,2994.6046993764385
156,2928.3338539488727
157,2981.232580912248
158,2515.436432173016
159,2386.876156618923
160,2230.321562383953
161,2035.5486158820445
162,1707.7387836841474
163,1442.256389408608
164,1302.8410454387415
165,1051.0252301331418
166,904.4414918239797
167,706.7965419624348
168,527.8518163756079
169,703.6082886269514
170,577.6021087348774
171,376.73553848690415
172,306.63012074635617
173,128.4746122528259
174,46.47394854356639
175,1.913607231487985
176,-1.799078301278426
177,6.717750029301101
178,0.677218867656693
179,-0.07006250301050354
180,4.9586475108708665
181,4.701157679273335
182,3.195855707670707
183,2.315696809232578
184,2.2627968364327478
185,1.992439029186392
186,0.7406577302300361
187,-0.2143769930688162
188,-0.30565549160859096
189,0.08948144736757957
190,0.33852168917997716
191,0.33671142000949406
192,0.43096325754146747
193,0.5603040493325517
194,1.6222577486383685
195,1.6560832258767766
196,3.5806567634710587
197,2.581830061633132
198,2.8657294779565814
199,2.8112283569467307
200,0.46548574942426324
201,5.878937659246613
202,38.840826948079076
203,83.5543369182721
204,174.99359741432724
205,240.21273745869755
206,239.23643015835603
207,409.4892733940172
208,425.0808911947405
209,549.5289867289558
210,734.5722996243164
211,880.6086683099015
212,1020.0815837450959
213,1479.3949375689172
214,1785.8482692913465
215,1946.8188986130144
216,2538.7713244068805
217,2743.1356215947017
218,2921.142527352155
219,3204.2716549999122
220,3350.7415816192392
221,3570.866156493985
222,3839.814606881213
223,4326.772593223705
224,4349.467164018356
225,4447.966740316043
226,4540.912668738845
227,4534.153869021038
228,4661.51566057665
229,4734.2600708616055
230,4878.597888507138
231,4936.126061471046
232,4956.3258899927505
233,4990.58590497144
234,5026.685702142367
235,5001.809940333733
236,5072.178613897972
237,4929.249731015941
238,4609.563721098604
239,4525.985187357336
240,4307.327494702288
241,4232.405909332208
242,3893.8371706626376
243,3822.153105751893
244,3921.5829223739015
245,3843.87905869537
246,3806.284730060711
247,3692.018314825353
248,3824.7892446590618
249,3436.2645817560533
250,3254.4414462078703
251,3048.386703167102
252,2492.2959415182236
253,2163.7612725233785
254,1964.3730226603873
255,1623.8686456974197
256,1608.910945729977
257,1317.4231051980653
258,1222.7865534373263
259,1162.5351063705123
260,843.9971744981021
261,801.9032713711838
262,645.4852456289142
263,640.7324342759008
264,471.5878887735503
265,294.423457373061
266,304.99806247303513
267,296.07891091691306
268,185.1039767885642
269,155.35199315264381
270,86.50050612779793
271,27.904073775229367
272,11.363705006128757
273,-0.5932681181073765
274,0.9537986225966346
275,0.8408495161561991
276,-2.081039361336046
277,-1.6626235513195642
278,-1.148510678872575
279,0.6739744643412342
280,0.7860256934192034
281,0.7875668005826313
282,0.8016612357970123
283,0.024721616888088604
284,0.01370578434835501
285,-0.5117860992540759
286,-0.45010166842768307
287,-0.14159822416290702
288,0.06741145391971326
289,0.10066012541873004
290,0.32583505752315745
291,1.1321596825741143
292,1.3996032386598838
293,1.1032223820355362
294,0.031612455537064044
295,1.9553249336642544
296,1.6099744045281543
297,1.3416968564474407
298,18.426093078917212
299,48.69852268809373
300,63.36133640037037
301,102.28729181273509
302,124.0949382014557
303,176.402173658238
304,246.11786806914856
305,436.1600781860078
306,485.0247330313238
307,696.9504155432008
308,735.8287331139187
309,793.3500451374695
310,1447.981490287711
311,1731.7188536589106
312,2054.7694417682164
313,2376.1584506149184
314,2706.7157868338954
315,3107.314466806365
316,3192.630265056559
317,3279.0695863726564
318,4101.835986919996
319,4288.767244203005
320,4235.600239767375
321,4428.7194725696045
322,4440.5233175949825
323,3945.890979814722
324,3859.9713995618504
325,3955.927747312553
326,3869.8502586590366
327,3832.833896674799
328,3632.315069575099
329,3557.5383701971614
330,3381.9494609533954
331,3483.037047949675
332,3531.7372204155054
333,3526.2444819804364
334,3464.014397082297
335,3434.4418089816
336,3414.0023073631196
337,3595.663742896628
338,3328.6747182852323
339,3333.4760460725784
340,2919.2970501046957
341,2952.11358276822
342,2875.2230459223047
343,3110.319139329019
344,3161.248899827694
345,3117.5844925173624
346,3454.356276462414
347,3264.393691938038
348,3301.5448873608293
349,2938.0688158416287
350,2751.859759548609
351,2748.9038551275457
352,2551.166886593022
353,2173.823353043226
354,2054.198192152472
355,1658.263294085374
356,1404.1014080795942
357,786.4054973986897
358,546.394582062239
359,502.6540017744682
360,338.09124059813405
361,340.71620705579807
362,170.1562282783432
363,225.05215409009972
364,172.9201954776166
365,159.5425534451497
366,123.30672466439721
367,116.54034476105156
368,12.771928746992916
369,-3.569286839788445
370,-2.9809736177240787
371,1.6922851443939937
372,1.0614250563712835
373,0.16124802350356848
374,0.05713284857352452
375,-0.5785030645380216
376,-0.6265339932746894
377,0.967270589602677
378,0.9509865849429309
379,0.43053103349821864
380,0.786018314012872
381,-0.3977007893201989
382,-0.14611715939133862
383,-0.1396676676804285
384,-0.2792413891818182
385,-0.21303519883059963
386,-1.5013899091102125
387,-2.1033838909815117
388,-2.089704531095798
389,-1.640761787932668
390,-1.291914904663444
391,-0.12987596404064305
392,-0.3114864286505039
393,33.71724398076828
394,47.225268917324236
395,99.20881816029178
396,239.2517427772718
397,207.82773841705554
398,290.694438061179
399,396.04693434805586
400,455.41366320566306
401,576.050010533442
402,652.9613623505518
403,595.6443359000447
404,923.972240507282
405,1097.3439114244818
406,1888.066671900656
407,2169.33815464882
408,2538.6135665217766
409,2664.390097963593
410,2790.906346167237
411,3134.3259788450514
412,3138.7952847381302
413,3426.778602921716
414,4096.83038657691
415,4683.793253374351
416,4645.638433006125
417,4699.134249051719
418,4728.0639158376
419,4810.817584093979
420,4897.006295712865
421,4982.984344904168
422,4933.393603152487
423,4980.309602570377
424,4742.612630250825
425,4843.303881673874
426,4835.510332467374
427,4805.098876887735
428,4834.702447257098
429,5023.914988055238
430,5067.867852619396
431,5084.6610412559085
432,5081.310525745547
433,4959.251738366808
434,4699.859915726346
435,4614.07171701746
436,4528.757552758405
437,4452.847899250587
438,4130.292545690982
439,3832.8203251575296
440,3733.658717402434
441,3519.514879554935
442,3415.7530824325954
443,3340.8698614524696
444,3225.911074295758
445,2754.01364862851
446,2539.6002330491287
447,2529.8842799288404
448,2136.874723090415
449,2089.9830447072
450,1962.4533740102336
451,1736.8855062637474
452,1544.8770149759744
453,1144.1452974084386
454,903.5308246322577
455,781.4396370846634
456,425.6331645545891
457,420.8816773322462
458,229.6523076248383
459,147.3629814692335
460,139.39084819104323
461,203.4494848331914
462,133.08890907364227
463,74.07212697486682
464,41.89914339786797
465,19.276494830652553
466,1.080925839235781
467,5.382897445358782
468,7.648999342696355
469,-9.511991269747988
470,-9.994027780351924
471,-10.064018602419935
472,-5.643948401246083
473,-4.6654049223739005
474,-4.619718333984743
475,-6.50470851988721
476,-6.058625389306451
477,-0.46408763301654243
478,-1.2124600225067903
479,-1.3426280626516567
480,-2.298169060729384
481,-0.46163867098007394
482,0.37256932413111077
483,-0.279789864992261
484,-0.178487107091315
485,0.5300860221139301
486,1.547618541834158
487,1.4599030516106692
488,7.509559999273646
489,45.174990625465135
490,62.532501965385215
491,63.64631642589847
492,145.31213385313265
493,147.56796911767862
494,313.17446251800817
495,293.11512687825746
496,365.57065225865495
497,543.9212165492753
498,836.8070978830535
499,801.7206649180374
500,1118.7391257476463
501,1220.1995464357062
502,1741.579582018637
503,2120.4178604213334
504,2282.597292623745
505,2509.397182514983
506,2784.314987151573
507,3323.7996158027045
508,3483.7900763910993
509,3472.265404847369
510,4356.192309185367
511,4489.678267982138
512,4346.157181478636
513,4333.142336334271
514,3996.5454462299526
515,3940.126458659295
516,3793.444469549475
517,3870.2538207814223
518,3764.7851852432404
519,3755.35960559868
520,3799.138148632087
521,3562.9425576172966
522,3627.7203996951257
523,3516.4893242242106
524,3305.1224810490285
525,3067.371046184622
526,3078.026588041004
527,3054.1431586416193
528,3006.052546640774
529,2958.44388166637
530,2970.4360974947226
531,2891.7923573596495
532,3282.261088694657
533,3365.2373735916362
534,3346.8710051997246
535,3421.1460337174453
536,3571.460207489507
537,3282.0323967764402
538,3442.1800442126446
539,3244.830962098858
540,3083.2431231644864
541,2485.245200054449
542,2467.8614301271796
543,2277.5862557130504
544,1960.1939792066185
545,1657.786665881864
546,1648.1940569576102
547,1297.4285226521013
548,1039.8254913072099
549,894.3503472885515
550,884.3946122794115
551,653.3274471499018
552,635.184786805793
553,517.4069508274729
554,295.5705131606325
555,281.0030962189661
556,189.42428271739982
557,155.41853828532794
558,115.13289285842326
559,56.71607054862263
560,31.34763260461649
561,9.31747502400335
562,-9.773665223111
563,-3.9736175787588905
564,3.485360847769538
565,1.4370086455654318
566,-2.0257926223908846
567,-2.0938088951897758
568,-2.2120151642935895
569,-1.6927155979935868
570,-0.12465751264498426
571,-0.25066305751809015
572,1.2670531580631037
573,-4.472591033270392
574,-4.517079745961327
575,-3.6835556551970505
576,-3.174407987195174
577,-1.61740737643749
578,-2.74378020957767
579,0.5369581955010894
580,1.3173249635358504
581,0.18460186817311097
582,3.063036877926789
583,3.286275690278616
584,12.090412851800352
585,57.174036914016234
586,71.44820765449406
587,123.06767786260936
588,192.1527053891186
589,194.40259086934662
590,339.7282476014965
591,343.5719257672799
592,384.7977141288548
593,590.2076588129842
594,848.3985876464222
595,1005.7159038913113
596,1162.7128754410674
597,1266.9656945784393
598,1659.4382433104306
599,2287.456200779322
600,2505.091297052015
601,2588.8808193188347
602,2798.711197769661
603,3245.9012693323684
604,3434.599396333865
605,3382.6388608528737
606,4259.32472603363
607,4143.016570518333
608,4224.796738809853
609,4261.334823919159
610,4417.892778818753
611,4555.852839124721
612,4655.682139869068
613,4757.312341195999
614,4740.334865617688
615,4754.6209516804365
616,4624.309560504057
617,4575.6876113463595
618,4542.728115034292
619,4488.615569762444
620,4491.268664819295
621,4347.734449948046
622,4175.890408179676
623,4115.503089448524
624,3937.931448751952
625,3827.6468374173132
626,3623.651062083399
627,3447.569551549263
628,3554.4198432801873
629,3771.1327402558795
630,3754.8492991419057
631,3367.8095723693373
632,3334.1314523875976
633,3240.966238666243
634,3224.919219708484
635,3205.2029048380055
636,2892.181290333537
637,2284.020101214933
638,2118.282346527846
639,1955.224221817039
640,1388.1968014152717
641,1429.8077873087875
642,1390.8931113429699
643,1240.7862758991448
644,1091.4055831719868
645,904.0401225798043
646,826.604701183316
647,684.6512879452406
648,623.0797605597544
649,460.42274644627366
650,231.77226822511807
651,213.94082199562513
652,207.01520136802486
653,176.12517879577229
654,96.57710286776258
655,79.25157358220484
656,41.48050117135877
657,9.486929954805431
658,-4.854919972131254
659,-1.0897549698585287
660,-0.2782615676910787
661,0.14725483180175125
662,-0.2768443211271281
663,-0.12221666964490296
664,-0.5277085437487044
665,-0.38213467280318625
666,0.0032632187461896223
667,0.01134144561071615
668,0.17598650518166448
669,0.3898273930513696
670,0.3828734238105209
671,0.3674578382669669
672,4.283562015412355
673,-0.020894888577908333
674,-0.40849422820821957
675,-0.49386313874537446
676,-1.1233940130439768
677,-1.532398061443505
678,-0.9608483340926712
679,-2.474479283349858
680,-1.856100491046977
681,1.1251657372660526
682,-3.580778088345461
683,58.63544345327345
684,94.54223469474023
685,95.52183880782998
686,109.77842450338821
687,98.21890923973817
688,204.98402994063312
689,141.2078404058742
690,143.46155966686163
691,116.4627728109101
692,57.81495971343442
693,83.35160194059581
694,101.80611784226751
695,122.83828786634096
696,99.37764347252256
697,151.91452184160752
698,236.4933767513652
699,288.6206246430768
700,289.6400472286829
701,273.8607287935447
702,486.70152553982985
703,541.4062020212797
704,592.8309375347346
705,628.653024757193
706,644.4038362846829
707,599.734008266898
708,609.1472883657161
709,652.7261644131117
710,633.2780200889003
711,725.6056371412784
712,709.6966904368968
713,744.4416625618741
714,763.9043280458812
715,907.7268761560739
716,945.0392495887814
717,1257.061948109705
718,1312.9049503585538
719,1450.1029624630464
720,1358.986156941915
721,1221.3533100710686
722,1390.4683861189226
723,1675.234674738109
724,1700.8382304660056
725,1842.3276713583325
726,2173.9634546462025
727,1917.5348198874872
728,1833.6803933898327
729,1849.179136351745
730,1849.224720655785
731,1750.7264805414407
732,1956.2377339057273
733,1834.169500185153
734,1927.7992855151704
735,1889.935477597112
736,1497.471584292944
737,1068.467514810113
738,995.387348430955
739,851.3742724144133
740,780.6142732534282
741,715.6442268334309
742,629.5386205590434
743,355.9009908185127
744,341.01466596717927
745,321.8868066995125
746,259.4762732728732
747,190.18469838604747
748,189.1645579614132
749,143.11522015629413
750,117.67854998738265
751,79.31755515714502
752,26.40198620881368
753,2.034013617852615
754,-9.116289626851007
755,1.349756889439833
756,-2.5519073545833013
757,0.7397763839545615
758,-1.8350476429296805
759,-1.0728179112667515
760,-0.8479732232830122
761,-0.9331328724041246
762,-0.3843985985784153
763,0.987779257602516
764,0.8956489068870326
765,-1.9876964911332937
766,-1.355519607977703
767,-1.47962291085633
768,-1.228099090356272
769,-1.8834227433714847
770,-1.754776296979255
771,-1.5018895947614217
772,-2.4934548866278146
773,-3.7527499458083735
774,-3.2482173196847928
775,-3.810556790628521
776,13.284610061353586
777,42.176016884679676
778,56.56418498521674
779,63.577930570633924
780,93.82153370291698
781,121.86495553309817
782,169.76840574389945
783,209.2814308969808
784,336.5797247957713
785,338.8360929386106
786,384.9216343826605
787,403.84569638384215
788,543.7546142336726
789,526.1112382417817
790,643.2304850652607
791,889.6294630395247
792,949.0330314269604
793,973.1499222970723
794,1219.808437968976
795,1564.236972122731
796,1859.6863952470476
797,2012.2964799118686
798,2563.150535652259
799,2656.5444979479353
800,2802.507498905262
801,2068.665527452808
802,1976.3474346541625
803,2037.5805692400418
804,2110.3098876424892
805,2779.899479153055
806,2746.932564809944
807,2821.9222908551706
808,2722.915398708655
809,2705.545956764997
810,2667.8112011179337
811,2844.8788762520535
812,3197.4967425932396
813,2311.653754266453
814,2370.7935430987127
815,2549.4361213650336
816,2560.6015370039545
817,3102.2760623135164
818,3002.905606798442
819,3115.1222872932044
820,2946.44360217764
821,2882.7873085972587
822,2879.597470040474
823,2668.2535305594047
824,2670.2595965213745
825,2439.061662300999
826,2572.6728079022446
827,2552.8412308290453
828,2338.9723822113697
829,1579.290433153672
830,1455.3501698134735
831,1438.7408172553312
832,1002.2826322942364
833,823.3697626000976
834,790.5186553675787
835,587.3915825900323
836,398.31796649587807
837,252.24529534276402
838,256.1749234387522
839,231.81619034995643
840,225.2073696969422
841,182.21946725957554
842,141.66929415645234
843,120.31156253967168
844,66.61808432688031
845,34.47434831952796
846,13.339114926462788
847,-9.647316289583458
848,-14.389322378246533
849,-25.437038446762447
850,-14.22619012765055
851,-8.006977373816582
852,-9.431400242025191
853,-9.045322902427033
854,-7.3617370984701775
855,-7.898133834572791
856,-6.663405383504633
857,-2.8956140347320947
858,-3.210967340021476
859,-2.243223380106617
860,-1.0291473953322603
861,-0.17180759936873002
862,-0.3284840542727032
863,1.0481321548931133
864,0.30206517744244366
865,-0.6093891920944037
866,0.3903729491545569
867,0.03547660629101479
868,0.28314932175910457
869,-1.08573296984894
870,-1.7436351945641135
871,-8.635341336772978
872,0.804435644641651
873,-0.492170367677808
874,66.70993934636266
875,70.25145106134994
876,111.04024868002209
877,103.00652129689102
878,88.65357335390429
879,94.87549829904845
880,195.03115699294847
881,137.51613710279472
882,147.45387142597298
883,153.12897611764282
884,236.14466771669743
885,239.27380795461576
886,305.9546347383768
887,494.96411218239757
888,596.2005472139335
889,632.3593498945825
890,752.3909150216714
891,739.247598495524
892,729.3861133320104
893,819.891461252118
894,1111.3728909380468
895,1375.9320711158232
896,1639.853697600979
897,1672.5504814719761
898,1940.9746399167432
899,1803.6204418578948
900,1725.9064452506202
901,1671.216582908073
902,1510.3578519327561
903,1467.8484953332274
904,1454.8118367543168
905,1487.2935869078167
906,1354.335627504744
907,1471.189727534835
908,1453.6735689109553
909,1474.2300880454718
910,1550.1224790902486
911,1410.10203894865
912,1412.8474185349023
913,1206.6999128660764
914,1139.5823059372667
915,1118.0415521417804
916,1069.433279567144
917,1013.9483030445219
918,996.9049548357134
919,970.8941576707814
920,888.4389776521166
921,855.1863213014219
922,862.7592590315503
923,797.0936462852353
924,768.6911164208036
925,724.5910741831146
926,623.4709622916023
927,573.9564757062224
928,553.0915966841148
929,476.33097881300546
930,470.14786134937026
931,459.30473571656853
932,340.25013805531046
933,379.770080681641
934,362.1151133819008
935,250.645822126669
936,240.22871574512098
937,215.14695100147844
938,246.68898193147237
939,128.85602072915634
940,122.08097442479358
941,54.47506083435988
942,36.79766198996505
943,18.529575094845775
944,-3.0681791457630005
945,-0.9159229893217793
946,-4.695763102095922
947,-2.2057935290572708
948,0.5177326977882384
949,-1.6815540795120576
950,0.9416358178012878
951,0.7054032796028613
952,-2.814102047186955
953,-1.3707262754537686
954,-0.13364688732907481
955,0.34370410863393897
956,-0.36616784727353036
957,-0.5146707254576208
958,-0.5249440546025186
959,-0.4683797849482447
960,-0.7332719386521065
961,-0.6811515162793933
962,-0.6216704705957987
963,-0.4701034137021498
964,-0.21701804454062135
965,1.231231080030832
966,1.9690467826389702
967,0.43660683238641607
968,9.579337591988796
969,19.577866324622317
970,69.86025696316494
971,83.78683002791018
972,116.44926577657424
973,135.13641907029427
974,155.6138076003363
975,169.5346152242284
976,266.46533660246115
977,261.2242134426419
978,306.3280997134827
979,452.97760593488465
980,584.8127600034311
981,620.0207168721272
982,766.5600347955241
983,819.5468590614134
984,890.1483593312405
985,860.7133668826524
986,1240.230554832395
987,1573.7743929307783
988,1930.907476264077
989,2137.1257439071796
990,2483.5683901515768
991,2560.5779548906444
992,2432.0990680559426
993,2369.206183180767
994,2240.9394872931994
995,2131.889999483546
996,1901.204826161142
997,1295.8141170714343
998,971.6660510791667
999,971.7412483815797
1000,979.5775553656362
1001,1107.2403580309542
1002,1138.9642161977513
1003,1223.7777876525568
1004,1371.3855719447731
1005,1423.566238264656
1006,1514.0991725462875
1007,1606.4022368415249
1008,1634.8026016569968
1009,1791.9877653577519
1010,1792.002450894455
1011,1515.7647937316992
1012,1598.3204399159818
1013,1588.6070172361885
1014,1594.24884106661
1015,1584.3319960424094
1016,1521.5665327414652
1017,1521.6485398779785
1018,1518.2776122875464
1019,1646.5657183184496
1020,1735.1160153965218
1021,1701.3470949525522
1022,1639.784548362703
1023,1852.78477788094
1024,1961.2049236807716
1025,1584.747059000893
1026,1516.569988005229
1027,1333.9215654299267
1028,967.3575307198807
1029,814.8008499365501
1030,840.3284534551475
1031,772.6103718078822
1032,636.4700340116236
1033,540.8141282426652
1034,404.6593783477095
1035,306.79820093511626
1036,224.9733375742623
1037,218.18614857406533
1038,147.4875001156717
1039,118.55168635011593
1040,111.60734499120029
1041,86.02767259751339
1042,41.37008075108024
1043,3.482641813399661
1044,12.442858674871275
1045,-9.226429756473019
1046,-7.640267648656925
1047,-5.210435500802642
1048,-4.953288907534407
1049,-3.1849018378621867
1050,-0.8724138150714928
1051,-1.0135688956412618
1052,-0.9107980164222615
1053,-2.353298122509699
1054,-1.04137376775836
1055,-1.039136116534432
1056,-0.09703611893698394
1057,-0.34847969757890507
1058,-1.1087832515858391
1059,-1.8228603947934197
1060,-7.816146476720398
1061,-0.8513877314779128
1062,-1.694601129118178
1063,-2.9744133252314704
1064,30.49984740000731
1065,37.50875951890643
1066,93.79013978827265
1067,112.82660548249702
1068,128.2831895352566
1069,132.11879868595068
1070,171.44986459192162
1071,205.6698050130802
1072,342.05198539800296
1073,312.0820743565033
1074,398.98205655456684
1075,604.9039673476809
1076,569.3332554991705
1077,495.04798261957205
1078,769.5320278538123
1079,905.9030240226995
1080,939.8938300685426
1081,907.7667498471648
1082,1220.1597253930693
1083,1341.5428685177048
1084,1388.2015725227589
1085,1442.3957203016478
1086,1462.052574821584
1087,1350.1631514236853
1088,1328.4273590085738
1089,1506.249525419051
1090,1443.3929121419928
1091,1577.5755512655983
1092,1591.7244895719928
1093,1592.3510561849014
1094,1715.7136427593498
1095,1737.1479168209394
1096,1739.2312730104882
1097,1529.48452539315
1098,1481.5698506131946
1099,1430.1991061417389
1100,1680.0996610183681
1101,1627.7404261641236
1102,1456.8393363960474
1103,1530.4385677234761
1104,1487.7701013245394
1105,1520.3649438672287
1106,1496.1239194296904
1107,1434.0831018171273
1108,1542.9448241316227
1109,1411.1961774849128
1110,1527.169385887302
1111,1567.635937516529
1112,1472.731944026664
1113,1435.8196502326853
1114,1409.976438672127
1115,1476.8989628868906
1116,1275.06040978103
1117,1267.475156063473
1118,998.2087199234576
1119,1031.0554046418824
1120,975.026278159462
1121,753.4674040523128
1122,711.554733293426
1123,538.5048829776123
1124,464.76366546423753
1125,377.501140919131
1126,306.5533739961264
1127,317.2496960816247
1128,277.24908925173474
1129,263.5957270599643
1130,261.1333177223664
1131,127.09500580922676
1132,95.74604217110834
1133,80.56124695679614
1134,56.267776237598454
1135,43.13958638094431
1136,25.782793324825278
1137,-10.878545494394064
1138,11.065879283128783
1139,14.90638987532802
1140,-4.555199371731337
1141,-2.22683321910268
1142,-3.6597114104972963
1143,-4.58866230087872
1144,-4.842888094237601
1145,-3.1533994842240602
1146,-2.5422273944923646
1147,1.1892687155120223
1148,0.7497287844822607
1149,0.08761146109763107
1150,-0.00243279423788767
1151,4.303097131707583
1152,-0.23178477798350094
1153,-0.2880097669105517
1154,-0.9313738942038761
1155,-1.5944775787140575
1156,-0.08770498842074659
1157,-1.1766526832185136
1158,-1.3855117006201576
1159,-5.209800200982626
1160,37.27710054896207
1161,38.8116080045829
1162,71.86594082475075
1163,102.30213848470976
1164,111.55329173111647
1165,134.81934691877046
1166,149.18438274019243
1167,169.24275986316795
1168,300.478334660784
1169,276.7714735881802
1170,336.76857438636074
1171,476.706402992924
1172,469.477431701445
1173,668.0221036713522
1174,656.8801753644785
1175,872.139012535223
1176,864.434269462036
1177,994.2552622319276
1178,1420.2016615044536
1179,1621.1995039829897
1180,1422.145615045762
1181,1385.1985367811274
1182,1593.7065985835936
1183,1574.301314181779
1184,1574.6491437371196
1185,1393.9133626138987
1186,1376.8079859425518
1187,1681.8823165183087
1188,1962.0053135030732
1189,2040.686784103941
1190,2171.2905307948886
1191,2290.730859220334
1192,2417.713518353615
1193,2353.111124991637
1194,2413.3267484513663
1195,2397.167182751662
1196,2455.954463796756
1197,2388.3803894793114
1198,2241.841834978604
1199,1992.6090335751787
1200,1880.4023206143386
1201,1831.3504021885378
1202,1443.2364926794612
1203,1556.164312054892
1204,1561.6865813323252
1205,1546.0655084318525
1206,1678.6103119250577
1207,1659.6096114489217
1208,1577.7176240329525
1209,1412.0203359926124
1210,1442.0898989010018
1211,1451.1110039517032
1212,1447.6157067096747
1213,1399.7449489727812
1214,1054.4371658024174
1215,1000.4980345803821
1216,946.380520516242
1217,886.2468545502918
1218,747.9662214986366
1219,633.9605488854811
1220,632.2225462443641
1221,600.1610663881137
1222,426.5442469859572
1223,427.4246719886282
1224,329.51720291183625
1225,333.38959642551157
1226,274.2685823187093
1227,302.52859305988056
1228,184.90041790934575
1229,198.2652533478172
1230,120.74285624026653
1231,103.23232566438105
1232,70.12875445051947
1233,61.73986201686241
1234,39.0543954399703
1235,-4.890888820970311
1236,-12.508973197968427
1237,-8.033636358916501
1238,-2.907694699546399
1239,-2.7976629520510947
1240,-1.5644727493793305
1241,-1.3050467288247436
1242,-5.128756494589124
1243,-4.71378511882539
1244,-4.6729279520588864
1245,-0.7573379987581594
1246,-0.8435444971491686
1247,-0.8196991508408926
1248,-0.6419912777441388
1249,-1.1992247406153318
1250,-0.4811495899114
1251,-0.8363445728848102
1252,0.4664563181387784
1253,-0.184418335054362
1254,-0.20432250336459745
1255,-0.6520314067906083
1256,8.77351635614997
1257,27.50761540808805
1258,45.25086855372766
1259,74.12828758441746
1260,96.64179112180038
1261,133.7630194213574
1262,152.4266178458328
1263,290.7418013116758
1264,319.40509333594747
1265,375.2844960409275
1266,433.5972971866995
1267,642.0244000309834
1268,682.1794666451802
1269,723.2190817217562
1270,669.7184610626707
1271,774.7863705727756
1272,862.385734936648
1273,901.5636166039088
1274,1230.4987037652572
1275,1357.7946027721528
1276,1264.7294396903533
1277,1490.6953424982335
1278,1769.1909270033166
1279,1974.2933629928054
1280,2140.5077583079683
1281,2318.814306428728
1282,2530.299636422731
1283,2600.4354322404974
1284,2902.48267579203
1285,2801.138659568005
1286,2860.08709879635
1287,2715.6724501298577
1288,2687.450970261482
1289,2662.5926012687864
1290,2656.621617424093
1291,2499.3944388233417
1292,2355.515985671054
1293,2228.744404635761
1294,2226.3838420868565
1295,2205.073284921428
1296,2334.554558863855
1297,2110.3628519817385
1298,1942.7506312335386
1299,1840.9005750072122
1300,1744.6977802821623
1301,1648.8472105092608
1302,1511.2412564347183
1303,1475.6978776082203
1304,1207.6795565827808
1305,1239.5289927708357
1306,1082.7551272515361
1307,1037.2965432575156
1308,952.1905443660354
1309,932.2346179444143
1310,724.8935859261998
1311,705.4533477407372
1312,736.4068852460655
1313,556.4395492065893
1314,532.1447221302208
1315,459.5542078359601
1316,466.80114671449974
1317,446.17674466066467
1318,410.71421000812165
1319,399.76089880580423
1320,292.127694219131
1321,269.28647036697157
1322,229.70260760400603
1323,215.40111483704018
1324,118.00844583091168
1325,114.51314319523154
1326,99.07990245789054
1327,79.75769715949764
1328,57.101374284822086
1329,43.651323391175964
1330,0.7982356462153009
1331,-12.094611510659625
1332,-3.981311553524691
1333,-4.137763425159745
1334,-3.9810264375876816
1335,-2.479265743937802
1336,-1.4720584896244944
1337,0.615405729823773
1338,1.8953958265520674
1339,1.8097434889892252
1340,1.871986346318165
1341,-0.8998454121072372
1342,-1.0842532305839985
1343,-1.1350922949855846
1344,-1.0144542897448714
1345,-2.240668517843492
1346,-1.76776403287667
1347,-2.1509860601746773
1348,0.041861164276769
1349,-0.15923478751108888
1350,0.1111713841943569
1351,-4.052365586619565
1352,-5.606166762399816
1353,36.101911804570534
1354,39.128288519749326
1355,62.46646226496692
1356,71.47965749741968
1357,78.1731913946558
1358,102.4780191898392
1359,229.32610530416216
1360,223.32594964111775
1361,256.3812524921018
1362,257.134695623836
1363,331.9520088651177
1364,459.9296171814262
1365,514.5257227486512
1366,475.3113192960126
1367,544.676278034396
1368,646.8271536958841
1369,701.7201135819562
1370,807.7824936391911
1371,866.2800804638331
1372,884.7027457890515
1373,1072.0383468770722
1374,1020.1313807424099
1375,1148.8917840465401
1376,1114.4321729909022
1377,1260.4485038000505
1378,1248.0434130969043
1379,1223.4386045460421
1380,1335.4198186079632
1381,1404.1661298046945
1382,1475.7397093326936
1383,1483.6996483656676
1384,1324.3221976542432
1385,1259.6062338430336
1386,1206.3182793454014
1387,1213.3520349706257
1388,1175.9797523460834
1389,1180.5914117822415
1390,1146.5474819586098
1391,1112.8292042792393
1392,1098.9160020086374
1393,951.5233034299654
1394,929.5026331111579
1395,886.8541258938822
1396,950.4225458841969
1397,956.9859152254411
1398,1147.747490781071
1399,1104.8097463854042
1400,1059.752571276797
1401,1030.118835855383
1402,1025.3578399256508
1403,998.6951104940787
1404,1006.5972604185691
1405,1010.6524185968545
1406,886.6883248351174
1407,775.1028171898977
1408,830.1299909153096
1409,766.4288595985554
1410,693.705806302405
1411,547.3620062453112
1412,550.8438189921571
1413,414.42028188216614
1414,369.29767291400685
1415,349.3764995801372
1416,274.7382987677895
1417,260.35382979063434
1418,242.6419189205594
1419,262.6828291597067
1420,166.84792066805642
1421,154.3900972657583
1422,116.01985379139376
1423,90.28874814612885
1424,63.14976047139462
1425,36.21577950382374
1426,17.062445899733234
1427,4.382654066147269
1428,-1.5718821148640751
1429,-3.1849942881701434
1430,-2.5918218411802165
1431,-3.498937140575352
1432,-1.1911222085128106
1433,-0.8154113335385142
1434,-0.43712942672920363
1435,-0.6105367718906276
1436,-0.5398070521035914
1437,-0.16036827015935984
1438,1.7195136356640486
1439,1.2577097444249645
1440,0.5290176003944271
1441,0.36535034355580986
1442,0.28599212005662356
1443,1.0497274904025584
1444,0.08412156082418143
1445,-0.08606316916557599
1446,0.07657254999549412
1447,13.537635097310766
1448,19.05035874358811
1449,34.163812622141776
1450,55.90582916608409
1451,86.5250125527505
1452,107.99013552943067
1453,141.57035634488403
1454,162.50733524351975
1455,303.8140432652374
1456,326.0179209989916
1457,355.6193813983981
1458,345.50901249809334
1459,514.8254136257644
1460,513.2858515930276
1461,533.3743461723802
1462,417.3608034208901
1463,458.3881869836853
1464,482.8184743940674
1465,588.1039402406386
1466,700.8746373966367
1467,741.535544712352
1468,775.3431499421049
1469,1113.6094393600151
1470,1157.010674769868
1471,1296.9182401138596
1472,1329.8600607290196
1473,1341.5274709015725
1474,1448.4713942004034
1475,1538.4019709971833
1476,1570.5898033835044
1477,1776.225675637417
1478,1933.272301504802
1479,1806.5094360024798
1480,1818.7691707629958
1481,1827.2311549219162
1482,1794.4318047679194
1483,1808.873032174754
1484,1839.089936523782
1485,1949.7689408396184
1486,1950.4046295039088
1487,1966.6503943215807
1488,1920.8438518556077
1489,1979.576333489117
1490,1990.518667246151
1491,2056.0292138370055
1492,2030.262962038701
1493,1887.4344099928232
1494,1664.1873031944108
1495,1454.7252868874227
1496,1460.5642616375
1497,1220.6967176936
1498,1125.819292230105
1499,1147.1965001633635
1500,1110.881896727436
1501,1241.468053044679
1502,1060.00077436527
1503,820.1162805591642
1504,830.8232157476093
1505,791.8494322814573
1506,682.708064765765
1507,911.7404041951913
1508,883.5854919598048
1509,862.8452589226597
1510,706.7892052778121
1511,588.2287621717177
1512,447.3856171600253
1513,425.86137574159903
1514,230.90422704515075
1515,238.98803096968555
1516,124.59269048991777
1517,72.06481193623198
1518,62.747884290534984
1519,58.98328781706265
1520,46.32275276087255
1521,30.893540150689585
1522,-10.838932058679209
1523,-8.152051329803147
1524,-0.10780035464889703
1525,-1.2625307669503067
1526,-1.1718547093001854
1527,-2.1094786875943505
1528,-0.41488423307929256
1529,0.3555907669943945
1530,0.16059133773967105
1531,0.41252030762017355
1532,0.0707970320029645
1533,0.5284995412950257
1534,-0.8992215082137687
1535,-0.9479719355788081
1536,0.2713215773976172
1537,0.3871646004459972
1538,0.5755600685683975
1539,-0.7402467075637933
1540,-0.4566643234793544
1541,-0.7570826273753894
1542,1.896289695025171
1543,16.043911766514704
1544,17.567702297029097
1545,63.87926699562877
1546,73.06553040921425
1547,95.72902551700328
1548,105.81648531206383
1549,99.25507176208617
1550,95.45735898546357
1551,157.11959675878555
1552,177.4896174466406
1553,189.65744220826127
1554,213.5609718355994
1555,281.7780705941471
1556,320.02013538058816
1557,450.39392619834183
1558,566.7701057514752
1559,615.351317598632
1560,455.99948144706804
1561,437.7676116433648
1562,449.46321681011426
1563,514.4558508309188
1564,499.11615302801187
1565,696.6713596729096
1566,881.4345197753855
1567,956.3390746965339
1568,835.372708277392
1569,852.3985137610638
1570,887.4992795475562
1571,1011.8750657696153
1572,1052.3881616497736
1573,1185.5464127391429
1574,1174.212978019813
1575,1214.680285141222
1576,1277.594317566702
1577,1361.2468888855324
1578,1301.4440882457816
1579,1312.0936487328077
1580,1300.1986809246819
1581,1288.5842875621117
1582,1371.8692854318126
1583,1448.7160153712193
1584,1252.0069843666201
1585,1272.991908807609
1586,1194.8048724196588
1587,1352.5582886194425
1588,1466.929132318936
1589,1484.6882154858547
1590,1471.9227443920727
1591,1335.1420158007365
1592,1152.2122298984357
1593,1183.8688364189245
1594,1066.454775762708
1595,943.8738454272082
1596,1030.3759969514963
1597,1054.2917757972357
1598,878.8754952808321
1599,770.5883138121936
1600,890.115847383008
1601,868.1780387683128
1602,795.9285120615763
1603,637.4001807571129
1604,566.6322205594389
1605,713.7496993057944
1606,560.4505768244917
1607,547.9444141264711
1608,516.7000866329793
1609,517.6671077168277
1610,448.49127807583017
1611,344.2842650092558
1612,255.19284246730348
1613,199.62598622291551
1614,196.0480135860401
1615,141.0657426034646
1616,103.86668545679615
1617,80.14214654879643
1618,43.82661830700781
1619,18.202472969838112
1620,-7.604901746203321
1621,-3.5071497341207607
1622,-1.7944248939911347
1623,-5.0587514237267825
1624,-1.6148984379173523
1625,-0.6719588620474966
1626,0.32125941250520285
1627,0.04714476335287898
1628,-1.4763074128933251
1629,0.28110315875701897
1630,1.2396991142894986
1631,1.5138975841605191
1632,1.7658635671717384
1633,3.2300655673587473
1634,6.396381760211782
1635,5.656740302780496
1636,2.407928348228353
1637,4.555643104957182
1638,21.34035621443121
1639,47.975749232813435
1640,70.93331090152478
1641,106.40685482206833
1642,127.63774691051388
1643,240.27555152602372
1644,243.57084841231415
1645,318.59229282027854
1646,462.86485317220684
1647,599.9683516820736
1648,679.2760312830909
1649,907.9496236677103
1650,1224.7676562933518
1651,1450.2192781874294
1652,1485.0853451794057
1653,1556.3367088061254
1654,2356.768455422626
1655,2531.7427876804522
1656,2682.3067734338138
1657,2868.833371789616
1658,3244.677006727984
1659,3546.8495180712
1660,3782.501746739102
1661,4107.933374006914
1662,4292.509774842501
1663,4641.241959482593
1664,4663.538889287683
1665,4670.954244375811
1666,4763.252933381818
1667,4859.391342386146
1668,4923.961453800993
1669,4983.558009077084
1670,5089.614904946514
1671,5056.115001938619
1672,5089.864849981794
1673,5085.77458279483
1674,5104.966901411947
1675,5068.2154878654455
1676,5085.913060968528
1677,5077.758076161202
1678,5027.310803453515
1679,4988.232005118501
1680,4897.000097777536
1681,4815.249063077835
1682,4626.36241085909
1683,4494.333904897492
1684,4523.734949624623
1685,4451.714970422466
1686,4252.683894537091
1687,4032.0786047014994
1688,4057.3261111406614
1689,3836.9667194049252
1690,3704.694345047708
1691,3632.569433439519
1692,3530.3282794483334
1693,3305.687424238932
1694,3162.427890273551
1695,2487.8307680266817
1696,2508.8480844693927
1697,2594.5266827765054
1698,2203.5161075933283
1699,1935.7738357656465
1700,1886.4126102886066
1701,1208.6413563973865
1702,1051.8004649698355
1703,1026.2943869039186
1704,1004.6460142260444
1705,641.4955171309614
1706,455.11843557259294
1707,473.84557157911337
1708,404.0878712801524
1709,329.73028604653
1710,270.94433802068596
1711,184.21616788232086
1712,169.55401832164972
1713,158.90313252173047
1714,101.68178897033047
1715,24.9436808266344
1716,6.6336940613633715
1717,-6.617377215994756
1718,-1.3198150586937443
1719,0.3538140811043773
1720,1.2549498113394169
1721,-3.4996448644513656
1722,-2.642920497460997
1723,-3.6214991171614006
1724,-1.6249778200392555
1725,-0.47293089227664975
1726,-0.5235207782306253
1727,-0.6432262604944272
1728,-0.265682561525618
1729,-1.6709158471212096
1730,-0.09377551566451547
1731,-0.07618758473090015
1732,0.2893603200944286
1733,0.12448521815957303
1734,11.97928171624946
1735,25.523966676823573
1736,36.67412843895602
1737,205.92813776920426
1738,233.99911950937454
1739,314.844144123344
1740,330.1117108173777
1741,456.8383153130483
1742,512.7431949339818
1743,643.477847851039
1744,716.9501701175171
1745,500.17238493708925
1746,659.2994512908726
1747,941.5969263152508
1748,1317.3169743225446
1749,1433.4247979015804
1750,1861.2534397788525
1751,1893.22051932051
1752,1908.0430494898226
1753,2058.8181108347685
1754,2138.6058750930647
1755,2319.1041423703505
1756,2460.4575278397033
1757,3124.524731901549
1758,3247.6848511892586
1759,3383.287481306337
1760,3431.5243470297914
1761,3570.1217857560814
1762,3717.2631485218653
1763,3922.7379201773683
1764,4177.563565120826
1765,4120.606050761856
1766,4222.347847882599
1767,4090.1737217362484
1768,4170.296011597716
1769,4035.74667455683
1770,4026.9828218507096
1771,3679.455562026606
1772,3340.4755347293203
1773,3156.96364647306
1774,2928.9489823380604
1775,2605.812770755128
1776,2440.5517093914873
1777,1933.8814997248503
1778,1534.8246463982778
1779,1301.5910743147656
1780,1036.9354023121507
1781,1018.6854930586443
1782,849.4363800843842
1783,847.4903718898553
1784,1020.5495062064344
1785,997.1404817636613
1786,969.0544477386909
1787,1079.6627403763143
1788,1069.3611307419515
1789,1177.314023023759
1790,1169.7804716617948
1791,1202.3075772462369
1792,1239.7694003185022
1793,1269.5552230712315
1794,991.8410724717415
1795,889.0393641214388
1796,735.794406265373
1797,569.8761137678695
1798,364.9358499832501
1799,353.13742936250065
1800,334.6118838565986
1801,188.04273260291657
1802,220.48189710530318
1803,173.01022088755283
1804,96.72308782741578
1805,83.40254571559481
1806,70.30861013246158
1807,71.21558258590893
1808,73.48315877577379
1809,45.43221957617516
1810,59.453813513584194
1811,1.579858839742224
1812,-2.2754001379214515
1813,-0.8856053614966743
1814,0.8016429244076679
1815,-0.5209924582656784
1816,-8.059763080397397
1817,-4.864639602411577
1818,-6.454278931535985
1819,-0.8160927592587264
1820,-0.8092110327155266
1821,-0.421389513681409
1822,-0.0832847283754381
1823,0.19111437574354095
1824,-0.3603691086934484
1825,-0.05442552770426712
1826,-1.3336419356687257
1827,-1.1900577094273137
1828,-1.0294771125128621
1829,-0.7226355316685114
1830,-16.0715651516492
1831,-20.399653690759525
1832,13.647465102033253
1833,46.239991124703614
1834,57.05617243060087
1835,78.86812823669008
1836,89.48584411636612
1837,94.09777850855556
1838,107.60757016258646
1839,270.4723761244613
1840,297.2661248310372
1841,377.53032919574963
1842,390.14351953092023
1843,476.8406010106382
1844,459.9097833182529
1845,787.7234750461888
1846,980.7797946104023
1847,1243.7118296961462
1848,1938.6762244934716
1849,2158.959233784339
1850,2740.6035142121777
1851,2904.4829059961817
1852,3192.195221467459
1853,3446.314001143082
1854,3374.5176725212013
1855,3360.4244380569744
1856,3357.217150261717
1857,3351.4625635207276
1858,3567.5543719782218
1859,3657.4196055545985
1860,3632.8157600860395
1861,3657.0960121239386
1862,3805.9283219099925
1863,4267.763167985931
1864,4510.236277130497
1865,4614.594220992641
1866,4831.09202361557
1867,4754.19360628206
1868,4822.039737367222
1869,4796.9803068030205
1870,4759.786106880175
1871,4786.794996215045
1872,4675.255937234308
1873,4604.090515572806
1874,4340.058794061278
1875,4302.517789690346
1876,4283.770923800547
1877,4185.538368545913
1878,4012.780119874878
1879,3828.2297038699644
1880,3781.4416183973913
1881,3516.865672838688
1882,3483.3137250157274
1883,3416.7545844283354
1884,3314.556127936772
1885,3065.4086825234244
1886,2975.165711575992
1887,2553.1497233737696
1888,2330.0298265577626
1889,2328.176232702192
1890,2019.2714983224112
1891,1835.1899930866803
1892,1814.1791016315854
1893,1427.144840888297
1894,1094.9295146767643
1895,931.5534663595676
1896,914.6917940297359
1897,625.4391473658673
1898,605.5263641677884
1899,488.0338708036588
1900,368.23016672252675
1901,329.56945510789126
1902,281.76130096861374
1903,177.1125376524631
1904,180.37567145827902
1905,245.2527316962309
1906,194.45913436450056
1907,13.465134263117804
1908,-1.8481653297963767
1909,1.0908181839522646
1910,0.5417813103860496
1911,-0.5936738014018044
1912,0.13337768437983755
1913,-3.1342148185713725
1914,0.25887020026100327
1915,-0.9815814816611672
1916,-0.6910737367113935
1917,-0.6322037668434186
1918,-7.62465609546056
1919,-5.485802786587611
1920,-0.18575630211304617
1921,4.227715699437341
1922,-3.907717985169553
1923,-3.1165672147733936
1924,-3.072027185982794
1925,0.7285686997106202
1926,1.4502644587930442
1927,13.793594862605367
1928,60.3765018925383
1929,58.032662384981705
1930,83.73172405111673
1931,101.92784565131903
1932,215.7256100239271
1933,230.52875801932473
1934,298.2715484642333
1935,400.56953616334766
1936,471.9827067104215
1937,630.7871430050459
1938,873.3679341291428
1939,1101.2910817013776
1940,1261.3455277271096
1941,1324.3143442659912
1942,1990.6527619823512
1943,2200.5352979684735
1944,2311.8083085057465
1945,2620.9249291833444
1946,2887.5889187365906
1947,3187.8335500381836
1948,3403.3137724427165
1949,3599.456262257869
1950,3864.6436468853403
1951,4142.540100402799
1952,4252.914833953395
1953,4331.473621729651
1954,4415.212837330536
1955,4604.824478577823
1956,4640.648413179269
1957,4709.476346514314
1958,4822.266387807384
1959,4825.96555987787
1960,4808.24827145282
1961,4759.280292141884
1962,4837.927602654852
1963,4859.560941506185
1964,4854.130042516168
1965,4866.058327028617
1966,4838.540949917324
1967,4806.081120538763
1968,4730.315290219531
1969,4596.343472626413
1970,4478.020502837236
1971,4404.313354223518
1972,4364.453216519163
1973,4239.842840981106
1974,4107.510659263014
1975,3912.5929564741627
1976,3870.9819900936754
1977,3649.7682728411282
1978,3541.587143438171
1979,3475.1196837938114
1980,3377.7020194332254
1981,3130.35785604977
1982,3063.704970968372
1983,2562.8569457058798
1984,2369.689536292461
1985,2341.8483459663416
1986,2020.2881285934411
1987,1832.1691358289934
1988,1778.7267011834294
1989,1320.9947481146648
1990,1067.349423445666
1991,899.6975651381318
1992,888.7567904516565
1993,707.1505350377198
1994,603.9783860533183
1995,453.8276868877483
1996,347.69340541836226
1997,334.27323750344635
1998,310.67347089546115
1999,236.50329413406232
2000,199.57028448577617
2001,174.14103908301445
2002,98.69271990318701
2003,60.78427926565979
2004,37.20196716747288
2005,-0.9919501528816692
2006,3.869045482045254
2007,5.023641565033957
2008,5.670503888929894
2009,3.1275083622322586
2010,-1.438534909230187
2011,-2.022603996496656
2012,-2.5896724566051894
2013,-1.2067454840662233
2014,-1.7201842340819127
2015,-1.6155023502534895
2016,-0.19877922120696567
2017,11.485694765126786
2018,11.519167224341455
2019,12.150971173405559
2020,10.913434439124362
2021,4.508602023744784
2022,10.988438574362785
2023,33.42906308774136
2024,62.291873164006226
2025,103.20537337826156
2026,109.94512576508389
2027,194.57183197356167
2028,262.00527197053293
2029,324.6715940431654
2030,351.2807856905929
2031,479.7922583356594
2032,427.16723080540703
2033,633.3664258552252
2034,791.2755235169404
2035,1139.2039446514195
2036,1116.5211985516821
2037,1379.1258148135048
2038,1884.969637628219
2039,2166.626281505384
2040,2331.795850940859
2041,2565.924654918705
2042,2849.1238162085256
2043,3115.227708769539
2044,3468.912061636293
2045,3849.897892041132
2046,3856.8639404454075
2047,4276.418516213244
2048,4396.426928910575
2049,4538.111468905677
2050,4581.589311529438
2051,4710.395612290082
2052,4600.681720356553
2053,4712.784663512055
2054,4769.198401520963
2055,4830.5266383230755
2056,4763.405581071798
2057,4760.980993715004
2058,4716.858095539728
2059,4518.672185172963
2060,4544.738003565094
2061,4185.624695040946
2062,3798.6156452045016
2063,3670.5077572191794
2064,3454.4197970217792
2065,3123.7105192751974
2066,3149.9544080654637
2067,3526.014443704305
2068,3523.655264034157
2069,3962.5765224475163
2070,3931.749155249964
2071,3468.510928231948
2072,3158.634126166133
2073,3106.071029472917
2074,2412.7593520962923
2075,2229.807110430876
2076,1965.4498069782667
2077,1877.3335668347959
2078,1904.8149903303874
2079,1759.5058704476846
2080,1844.4549580328267
2081,1840.0886762219352
2082,1561.3981631895547
2083,1435.4723043131742
2084,1395.7114837787997
2085,1008.1419406112434
2086,870.7980642478474
2087,700.1947436220331
2088,653.8855396270638
2089,566.6041821055367
2090,542.3901279566977
2091,375.1947747273648
2092,368.338374652604
2093,160.94349542304028
2094,168.05429642891062
2095,169.69998068334996
2096,110.18451817448006
2097,86.38612909133397
2098,51.51146862223393
2099,-1.4410780512271746
2100,-42.666492724531395
2101,-41.77400526029311
2102,-6.381436663258089
2103,0.647257068109087
2104,-3.025830255352206
2105,-3.467176746457916
2106,-3.1694063781746156
2107,-2.4448914963862567
2108,-1.3074993280054619
2109,-1.347703793490079
2110,-9.583794255000466
2111,-9.770454985301448
2112,-10.731751993664666
2113,-10.422139897737647
2114,-14.970269907713519
2115,-16.31734518541497
2116,-16.580148216317784
2117,-18.369734279023
2118,-36.419696636080026
2119,-38.91496436245386
2120,-0.10000493034539915
2121,0.6495944868680468
2122,11.47304730315534
2123,23.778192238695752
2124,68.2562336919121
2125,79.61204779045649
2126,70.80161883201568
2127,174.46767552139931
2128,184.90623911735278
2129,200.4306707699542
2130,221.34987486133508
2131,497.9636187929627
2132,513.4608769782876
2133,536.7733737329452
2134,727.488883079526
2135,750.268568827041
2136,623.5280315591534
2137,668.9526342280365
2138,685.5859741768321
2139,969.9801744345615
2140,1104.3445307834388
2141,1410.9587850908763
2142,1360.9539130894598
2143,1446.9755510653204
2144,1332.7375858683108
2145,1224.3203269229157
2146,887.2811304345037
2147,860.3977585269836
2148,857.9916526123177
2149,510.1292611007119
2150,585.7460900946992
2151,651.1687598622023
2152,856.4137399105841
2153,1364.1145939138346
2154,1258.446512234124
2155,1866.7813202856253
2156,2189.484530431739
2157,2889.4310688547325
2158,2946.9804402849268
2159,3009.39086107443
2160,3135.9892062542267
2161,3295.6999601641833
2162,3375.880743360711
2163,3479.0424556440275
2164,3993.019367450569
2165,3942.9065562123574
2166,3912.892130326868
2167,3782.6843432002283
2168,3681.0062081545016
2169,3535.5841478771376
2170,3396.3808579110582
2171,3243.2791860171565
2172,3408.9344719103483
2173,3140.903449042725
2174,2901.7403811771565
2175,2291.9773474225294
2176,2232.581147410769
2177,2156.8117056482706
2178,1926.8603030753911
2179,1712.4920110307817
2180,1670.3161636997809
2181,1274.686179603485
2182,960.0088812359144
2183,795.5108632891987
2184,821.1710070689394
2185,581.5310849676251
2186,450.9537848397834
2187,411.8239839657016
2188,433.5681003410632
2189,276.1053540925565
2190,254.6794814025312
2191,264.1989052309657
2192,230.65161960174592
2193,206.44834218713174
2194,128.0986119215557
2195,65.36798806419483
2196,31.257354992747214
2197,22.594946065453023
2198,13.955783292850255
2199,14.933467698855708
2200,13.015839223701034
2201,1.6989923057744596
2202,15.473453356716869
2203,15.213915802850194
2204,29.702803438944247
2205,15.944174500417951
2206,-41.737205837522296
2207,-40.674018017967526
2208,19.645596987568908
2209,18.435999306614654
2210,23.20498497228864
2211,19.979306415686665
2212,20.94046488180897
2213,34.08494703956536
2214,-5.033583716657285
2215,-31.111532654460518
2216,21.645244510260525
2217,23.209936597508868
2218,29.59174616115753
2219,46.743651288985134
2220,76.6472480305798
2221,60.355108312062335
2222,46.01941184650193
2223,74.9711892165002
2224,74.6941989033313
2225,72.48884894682911
2226,69.8461739586316
2227,101.49738239271748
2228,90.41026221066714
2229,154.41553486493905
2230,155.7086259149474
2231,179.88618199966186
2232,237.2910073592393
2233,270.5958886212102
2234,286.8690065881756
2235,333.38544789360753
2236,387.13418839463117
2237,618.6688111075558
2238,618.0457706515526
2239,945.7994627938486
2240,973.712445637566
2241,1255.1875986325206
2242,1376.8228673287463
2243,1403.857685557108
2244,1392.0055487414597
2245,1159.4054614776421
2246,1186.623824035195
2247,1167.120746000544
2248,1125.9393264488413
2249,1118.7908159228793
2250,892.8379405405683
2251,913.6425872279511
2252,886.3026371820565
2253,1013.8477378221777
2254,1063.8000526737148
2255,1112.585132550532
2256,1111.0932381420678
2257,1053.0573705020229
2258,1036.9289896485263
2259,1137.8038112547333
2260,1151.522768522194
2261,1228.5373885239323
2262,1105.4344980289884
2263,1665.052569898836
2264,1766.201957409518
2265,1893.8053294645003
2266,2127.6941343883095
2267,2363.9615241989686
2268,2868.07345475076
2269,2697.022644280427
2270,2381.2595445707516
2271,2098.480297419042
2272,2090.845465946477
2273,2048.008370034212
2274,1543.887843807891
2275,1332.1002595606712
2276,1278.525060091177
2277,920.312959659769
2278,867.1186738244974
2279,681.210467545062
2280,625.9002795434859
2281,480.7002839437153
2282,470.2378690112418
2283,243.25472495323424
2284,301.9018409489091
2285,167.86511481387606
2286,176.12839611387756
2287,91.11055503292081
2288,88.36631376458311
2289,69.99622182848312
2290,50.613215593211244
2291,0.28326102548626153
2292,-12.902793912222037
2293,-19.884412729721692
2294,-5.228495268129842
2295,-0.7710409053513798
2296,-0.48964087644508947
2297,-1.4772646487331729
2298,-1.1916158957962137
2299,0.3187676717098009
2300,0.2781497294865307
2301,-0.17472884005291078
2302,-0.48099914777714226
2303,-0.3788273136203566
2304,-3.4243541800060875
2305,2.406620341628087
2306,2.6739159278305262
2307,5.228504057823049
2308,4.467619528697245
2309,7.278290401581444
2310,14.04013201853624
2311,16.878459297765097
2312,78.75516596224976
2313,83.19784007714112
2314,152.5206305883669
2315,166.64739020725975
2316,189.7894533931841
2317,290.10661240452305
2318,331.9149770215772
2319,481.1139512879111
2320,566.3634874597687
2321,656.9720767487747
2322,962.0272547073258
2323,1290.4682160852565
2324,1426.1890010723937
2325,1510.0033548740232
2326,2018.5111492422225
2327,2422.564119044072
2328,2488.5418352497213
2329,2758.563641968121
2330,2977.2744355248988
2331,3224.3744771101187
2332,3498.4381750892326
2333,3810.9220052062483
2334,3856.4999636985062
2335,4191.353759218433
2336,4280.8958683316705
2337,4284.897784127198
2338,4381.200555367488
2339,4441.848680974806
2340,4534.99120986666
2341,4499.308678110533
2342,4629.756217654758
2343,4751.32869481697
2344,4765.068857272133
2345,4776.2515029992
2346,4786.408354275685
2347,4886.264406163262
2348,4839.979550076714
2349,4848.464301612966
2350,4889.915358220442
2351,4797.155125241178
2352,4818.954108734837
2353,4713.759057062397
2354,4433.191277494597
2355,4306.719454584864
2356,3950.68859811546
2357,3707.690619834001
2358,3411.259423843907
2359,3252.6077271842305
2360,3083.88962385154
2361,2932.7931257025084
2362,3002.5626992764237
2363,2464.1145157391124
2364,2344.780618220404
2365,2089.233205535373
2366,1907.5482942524004
2367,1644.9686252470303
2368,1740.0296442743431
2369,1811.780715377121
2370,1678.6390052707093
2371,1313.154717487667
2372,1271.9575793636839
2373,1013.5222808024587
2374,930.0213605451249
2375,755.41365643244
2376,740.4689307535426
2377,367.2111675542983
2378,352.49200504400704
2379,268.23128280588185
2380,303.6481739817709
2381,232.52546306066617
2382,151.56733318537542
2383,133.47729588881273
2384,157.22977838030906
2385,133.49303091859116
2386,70.17549102788101
2387,17.937957918703624
2388,-19.989501053656785
2389,-29.675444103791456
2390,-19.621660850144703
2391,-6.275190935817333
2392,-15.187433687613254
2393,-9.115843188995635
2394,10.59567455273518
2395,-5.011462730078131
2396,2.42665404086307
2397,8.644553073273674
2398,5.78524154323203
2399,-1.4477787424197022
2400,-12.278021368887817
2401,-12.934423050734395
2402,-12.47634392921307
2403,-12.520341874280486
2404,-14.985284866934318
2405,-11.045476570233525
2406,-2.927373439953202
2407,9.878633190850657
2408,22.875264081989936
2409,73.404617018983
2410,74.11652398539478
2411,160.9979989696188
2412,247.28831194172386
2413,288.68833316273185
2414,338.1822553162514
2415,463.347990094825
2416,516.3113794743513
2417,565.9053184101514
2418,730.1768505618041
2419,1201.7858317326063
2420,1221.6667743564692
2421,1426.557968846591
2422,1613.4785652892592
2423,2389.077894414995
2424,2583.2866876406897
2425,2616.1039010518043
2426,2959.49349324184
2427,3097.6414924025644
2428,3521.9551996226155
2429,3871.2749748105334
2430,4013.131883204899
2431,4325.2420683165365
2432,4459.491148605394
2433,4420.726108112532
2434,4573.094291520783
2435,4764.171983905784
2436,4890.439383899304
2437,4892.415305965255
2438,4960.091930260167
2439,5001.988001992337
2440,5040.408962199173
2441,4979.1832534390005
2442,4511.481401736744
2443,4922.576424556023
2444,4876.393237014803
2445,4932.539359068843
2446,4929.6251824061255
2447,4899.604619933309
2448,4973.08744671754
2449,4830.12203408746
2450,4668.0032545799895
2451,4340.749787780699
2452,4245.418267521556
2453,4142.047112366343
2454,3985.3144726579158
2455,3557.9512455707563
2456,3386.3121203392134
2457,3155.761306090228
2458,2945.8081334609187
2459,2638.132736515866
2460,2520.6044377555772
2461,2376.3924487168892
2462,1925.808082863464
2463,1668.2547161256964
2464,1722.9049549620538
2465,1743.9433053916193
2466,1458.8397554896903
2467,1371.9161699669266
2468,1248.4526161294677
2469,1022.7041301352916
2470,918.4543390583
2471,733.6117690426489
2472,713.5634578705793
2473,628.0297834979754
2474,475.7337801039821
2475,413.4249575858053
2476,411.49687030919875
2477,284.51588190447984
2478,169.52269708092015
2479,152.20360883475632
2480,260.94319143683833
2481,185.09388332234607
2482,171.6479966506596
2483,7.442096971435427
2484,-12.11918238993897
2485,-13.367005615465278
2486,-0.0899179649639894
2487,2.76340649694599
2488,3.1330080687705513
2489,2.317028776857608
2490,4.993310552327965
2491,4.727616076953605
2492,4.29837554034785
2493,4.307192477820047
2494,1.5124828909693786
2495,1.5066084886770117
2496,-1.0952616145893348
2497,-0.3195376031188699
2498,0.546320380143027
2499,0.7386273959038014
2500,-17.3864187675198
2501,-17.092368007748078
2502,-29.542958207336596
2503,-19.51057457524834
2504,19.022195292525744
2505,81.04483801580074
2506,94.53534991908225
2507,163.82453703657296
2508,178.7944640431516
2509,223.40188977625246
2510,227.7020925726728
2511,332.24350768013363
2512,421.7473625719829
2513,369.1898847605298
2514,261.51524194004264
2515,377.15681863323886
2516,356.74856823942264
2517,496.20617506785396
2518,495.7537996622543
2519,597.0390871375263
2520,655.319644264865
2521,613.3357921867555
2522,676.5685215701777
2523,738.3962000994653
2524,825.6116519011285
2525,877.9965965940789
2526,869.3578320963146
2527,921.8640045214236
2528,950.458442069369
2529,932.6131474154646
2530,989.8615375439233
2531,1118.9846549178098
2532,1183.7544940104367
2533,1234.8450593499347
2534,1238.3926567910214
2535,1413.7089075141917
2536,1444.6369905089957
2537,1558.6118467301287
2538,2179.4255923405035
2539,1686.7152078341605
2540,1190.5838881675288
2541,1297.5275969489103
2542,844.1317088648163
2543,1053.9717574415463
2544,931.7005539617318
2545,952.8764462930097
2546,854.0459491937066
2547,1129.6329894358798
2548,1064.475399934809
2549,999.098172662218
2550,1153.0967248898608
2551,801.2382459757863
2552,948.2208218369752
2553,939.133694714326
2554,727.735716631696
2555,793.581540510254
2556,884.4952789104806
2557,903.7073078555305
2558,942.7492369000726
2559,732.6120908953019
2560,688.1852031881618
2561,527.8990877416323
2562,378.3824073252438
2563,324.98039486631586
2564,306.9059396128074
2565,301.2706291440094
2566,270.13387191500493
2567,229.41288078572103
2568,304.9498391829167
2569,157.88117169298155
2570,162.483581946289
2571,161.88278460037273
2572,149.67690901672452
2573,52.03181175362122
2574,34.63416072861337
2575,27.646760692673254
2576,39.25548991239684
2577,15.766676199327298
2578,-0.16065302051446295
2579,-37.14953581365756
2580,-36.215671147891136
2581,-20.59064739398153
2582,6.048799285799994
2583,9.244961348326347
2584,6.856321585477154
2585,6.410342282161742
2586,7.299800821857513
2587,8.04807833452272
2588,6.522028934794915
2589,6.6042141703189445
2590,6.123117919935614
2591,3.8006672549390954
2592,5.710755273672453
2593,1.9912731823928196
2594,4.657537948062964
2595,4.446547483318566
2596,4.906820154236736
2597,4.560158142186869
2598,-16.885545879835643
2599,-40.79351863425616
2600,-43.92629251305765
2601,6.4725689293736774
2602,20.259955019609755
2603,56.49933309337138
2604,39.39916415604641
2605,44.82602991680708
2606,32.15175498691215
2607,148.05929070663282
2608,154.6852189036149
2609,103.24292086520862
2610,97.15902866371398
2611,152.38772458127943
2612,157.73070724775891
2613,158.91018874719714
2614,136.90044563434833
2615,135.05552800338026
2616,169.9204814363104
2617,166.3033228761214
2618,258.3381787341689
2619,305.4503623199095
2620,299.16661144328936
2621,555.951797018449
2622,592.465445272419
2623,667.5966697343105
2624,624.588125958075
2625,396.39214939118307
2626,339.5260532073427
2627,378.9224468092345
2628,451.9077507213938
2629,463.58914137923546
2630,472.76979866615426
2631,495.4995097781598
2632,488.0946460290221
2633,419.46485038551435
2634,402.30932847746175
2635,513.1637790060536
2636,605.0850816207554
2637,694.1807188469467
2638,689.8579427307669
2639,702.888855839854
2640,681.8489173102602
2641,864.866782663822
2642,811.1201497975854
2643,1059.4141012498542
2644,1041.495851712212
2645,1045.135458801278
2646,1049.2265642845698
2647,1008.8951257842092
2648,1022.3160739413246
2649,986.0416404364934
2650,935.3744043898354
2651,862.6437726119656
2652,825.5766674299178
2653,803.8223128500475
2654,635.893090792642
2655,503.0966521036772
2656,517.929956246237
2657,477.87945888868785
2658,430.15245995411044
2659,437.88525677013496
2660,400.61478341578515
2661,391.9452228686475
2662,328.04591691637563
2663,290.6944536057649
2664,282.02317887972777
2665,251.62129249124797
2666,252.32961605863406
2667,249.23013864376856
2668,252.90473719282932
2669,126.62557079510455
2670,108.58231888354726
2671,90.19012207998782
2672,72.79578412725819
2673,51.16462210694834
2674,25.3495315687237
2675,-5.820027452115864
2676,-5.9576157137517285
2677,-11.337129280904005
2678,-3.217990132195375
2679,0.17876831737897358
2680,-0.969934781301176
2681,-2.728389967622631
2682,-0.45347982707423373
2683,-0.6833879900293676
2684,-1.0001371015608873
2685,-1.0195495896543365
2686,-0.6172289582662893
2687,-0.812352443568936
2688,20.48209961711883
2689,23.949473656076357
2690,18.935821418955
2691,-3.32738625079595
2692,-3.558305727177533
2693,-3.6178257292097165
2694,-21.247368733711323
2695,-20.014129503848892
2696,10.276947321602282
2697,56.62054485864979
2698,81.08550233357897
2699,151.07827188807826
2700,233.3941596557262
2701,221.66132453642754
2702,244.8141445810949
2703,394.54538385361946
2704,458.50718376711825
2705,594.618165493169
2706,799.7350865186022
2707,1052.0029401480824
2708,1076.82526805551
2709,1102.775842418265
2710,1277.5486584699631
2711,1805.8706286355855
2712,1996.7635598777272
2713,2033.2933076087281
2714,2301.066484450747
2715,2478.8011415502397
2716,2723.971031426106
2717,3262.507891160386
2718,3294.056728233299
2719,3532.652183613323
2720,3591.3559391906647
2721,3700.0756448874463
2722,3853.5533564454327
2723,3972.595391965637
2724,4045.5389616005004
2725,4149.293482445497
2726,4233.759194319861
2727,4337.359350517806
2728,4237.132135435432
2729,4145.646311339173
2730,4204.220882889584
2731,4184.711948820029
2732,4155.022890286256
2733,3756.013452504232
2734,3707.6711304618593
2735,3597.4669846650027
2736,3427.954368315935
2737,3390.173020005475
2738,3276.97108357283
2739,3291.069455750503
2740,3404.720174105009
2741,3224.5010311232295
2742,3128.2940280730236
2743,2783.604616255105
2744,2721.5115941681993
2745,2578.040853536029
2746,2247.6879553224694
2747,2068.793845776398
2748,2193.9249924650003
2749,2068.0499924098253
2750,1756.732456034331
2751,1337.6816120652934
2752,1365.9723881683735
2753,1518.9015477740816
2754,1339.2333696633284
2755,1155.7955317840904
2756,1160.719177890922
2757,792.0620546354148
2758,832.7689580090201
2759,666.3751263202945
2760,641.5422593880884
2761,418.7881885163651
2762,379.54844213946626
2763,223.65960554196346
2764,134.37946859243604
2765,43.752586002538195
2766,36.1427765192588
2767,-13.40675569165716
2768,-29.34469038463717
2769,-58.22154664939225
2770,-80.77453597180495
2771,-138.62188196255616
2772,-172.5577319627768
2773,-165.80476039578755
2774,-35.56507799110417
2775,-31.412582467039236
2776,5.676549922800039
2777,2.6438425542359565
2778,1.4725508722923593
2779,7.117760994881073
2780,5.859952702619029
2781,8.33434602284929
2782,2.809769606188295
2783,1.6029056689298589
2784,6.084124976451999
2785,-27.634110967576724
2786,-28.866364724310117
2787,-29.927034091234667
2788,-27.39977249852813
2789,-30.580448293067235
2790,-29.66120572765272
2791,-55.81939804697291
2792,-30.60669129564463
2793,5.130929144286099
2794,17.97709122964354
2795,78.57233238024254
2796,87.5174279390941
2797,165.47519881034836
2798,159.9422929150144
2799,276.45957254274
2800,244.71878202938447
2801,267.89442225676953
2802,213.60819855379304
2803,244.73198812950045
2804,196.33880933569452
2805,136.44427771904554
2806,78.6819776731962
2807,130.01919533838446
2808,128.6922824580347
2809,100.45112137345924
2810,171.5480000411673
2811,226.25039283471716
2812,228.88167281872896
2813,819.975928633814
2814,921.645507936657
2815,1029.4580699761432
2816,904.5438431590588
2817,1307.6719637432545
2818,1352.0328432483989
2819,1790.1567407892294
2820,2175.507776175865
2821,2316.1120617407923
2822,2442.3322869052627
2823,2496.37761563939
2824,2586.128913992243
2825,2596.425199077838
2826,2480.483067983075
2827,2462.126118908006
2828,2451.840693870286
2829,2536.05019759863
2830,2689.113386615453
2831,3043.821529551889
2832,3412.562236509664
2833,3274.733953939375
2834,3267.122589033475
2835,2966.8820814816563
2836,2929.1947106156917
2837,2812.848636843898
2838,2621.712743291023
2839,2203.620628048438
2840,1936.6326505730806
2841,1542.871562355459
2842,1298.3364992915022
2843,1071.4714773403064
2844,1143.5172755218778
2845,968.4764791002341
2846,899.8364248109061
2847,720.2728618534406
2848,732.0176986652817
2849,562.5320662504075
2850,481.34136780743125
2851,608.4933412624471
2852,482.3238054560675
2853,599.8213704033104
2854,526.3366310167066
2855,384.4786205234571
2856,446.5308182438115
2857,312.8958923544279
2858,310.183909030111
2859,330.79429163498344
2860,343.5990638578645
2861,237.293209297324
2862,193.18446453250212
2863,150.85530556406925
2864,123.37293831451217
2865,74.44991235592583
2866,53.79260827435055
2867,27.203658398106572
2868,-4.499931373997873
2869,-3.070972886997035
2870,4.260751789511971
2871,5.261921417929303
2872,6.118970269518296
2873,4.362667945730877
2874,4.352754630237351
2875,3.1949432675828016
2876,2.8115883542993703
2877,2.791331191460714
2878,0.6450575677478403
2879,1.2332433450471516
